"Magnetec - Ungarn","Linux rendszergazdai ismeretek","2002","2","5","Linux"
"Danubiana Kft.","Gépkezelési és Internet alapismeretek","2002","3","5","Irodai"
"Török Biztonsági Szolgálat","Windows, Open Office","2002","4","6","Irodai"
"Euromacc Rt.","Linux alap és haladó adminisztrátori ismeretek","2002","5","10","Linux"
"Egyesült Reklám Rt.","Windows, Excel, Power Point","2002","6","8","Irodai"
"Fornax Rt.","Dokumentum kezelés, MS-Word haladó","2002","7","8","Irodai"
"Magyar Posta Rt.","Windows - Office 2000","2002","8","42","Irodai"
"ÁNTSZ","Linux alap és hálózati ismeretek","2001","9","4","Linux"
"VNU lapkiadó","Webszerkesztés, Flash 5 alapismeretek","2001","10","8","Web"
"APEH","Windows 2000 Server","2001","12","5","Windows szerver"
"Ericsson Magyarország Kft.","Power Point tréning, MS-Access tréning Flash 5 tréning","2001","13","10","Irodai"
"Kincstári Vagyoni Igazgatóság","Webszerkesztés és Programozás","2001","14","6","Web"
"GTS-DATANET Távközlési Kft.","Flash 5 programozás","2001","15","4","Web"
"Webigen Rt.","MS Outlook csoportmunka, Flash 5 programozás","2001","16","5","Irodai"
"DANONE","Word-Excel egyéni tréning középvezetőknek","2001","17","3","Irodai"
"Magyar Posta Rt.","Windows NT-Word-Excel-Power Point-Outlook","2001","18","26","Irodai"
"Taurus Rt.","MS ACCESS 97 tréning programozóknak","2000","19","3","Irodai"
"FLAG Informatikai Rt.","Csoportmunka MS Outlook 97-el","2000","20","6","Irodai"
"AKZO NOBEL Rt.","Excel 97 - Internet tréning","2000","21","8","Irodai"
"STORA Papírker Rt.","Windows NT 4.0, Office 97, Outlook 97","2000","22","30","Irodai"
"Achico Rt.","POWER POINT tréning középvezetőknek","1999","23","5","Irodai"
"Csemege Julius Meinl","Raktárkezelés számítógéppel","1999","24","10","Irodai"
"Rhone Poulenc Kft.","WIN95-EXCEL üzletkötőknek, Access 97 alapok","1999","25","12","Irodai"
"MALÉV Rt.","VISUAL BASIC, C++, MS SQL SERVER fejlesztőknek","1999","26","8","Programozás"
"BAYER Hungária Rt.","Winword, Excel, Power Point","1999","27","8","Irodai"
"Művelődési és Közoktatási Minisztérium","Winword 6.0, Excel 5.0, Internet ismeretek","1999","28","18","Irodai"
"Pioneer Magyarország","Táblázatkezelés pénzügyes kollégák részére","2002","30","5","Irodai"
"Magyar Honvédség","Windows 2000-Exchange 2000 Szerver kezdő és haladó szinten","2002","31","60","Windows Szerver"
"PannonGSM","Linux RedHat 7.3 Rendszergazdai ismeretek haladó szinten","2003","32","6","Linux"
"Ferrero Magyarország","Excel kezdő és haladó szinten","2003","33","10","Irodai"
"Questor Rt.","Adatfeldolgozás Excel segítségével haladóknak","2003","34","12","Irodai"
"Is:Energy","PHP-SQL alapú alkalmazásfejlesztés haladó szinten","2002","35","5","Web"
"Fornax Rt.","Excel haladó szinten","2003","36","8","Irodai"
"Budapest Airport Rt.","Windows XP/Office XP alapismeretek","2003","37","25","Irodai"
"Bristol-Myers Squibb","Word-Excel-PowerPoint egyéni tréning","2003","38","1","Irodai"
"Ferrinfo Rt.","Linux rendszergazdai alapok","2003","39","10","Linux"
"Media Markt","Linux rendszergazda","2003","40","3","Linux"
"Szerencsejáték Rt.","Windows 2000 Server","2003","41","8","Windows Szerver"
"Olajterv Rt.","Java-XML","2003","42","4","Programozás"
"AdPland","Access alapok","2004","43","3","Adatbázis"
"EmersonnetworkPower","Php-SQL programozás","2004","44","3","Web"
"Nemzetbiztonsági szakszolgálat","Windows 2000 Szerver","2004","45","30","Windows Szerver"
"Ferrinfo Rt.","Linux rendszergazda nagygépes környezetben","2004","46","6","Linux"
"Országos Egészségbiztosítási Pénztár","PHP-SQL programozás","2004","47","12","Web"
"Magyar Nemzeti bank","Adatbázis-kezelés- SQL","2004","48","15","Adatbázis"
"Eulerhermes Rt.","Office 97 középhaladó tréning","2004","49","8","Irodai"
"Graphisoft Rt.","PowerPoint 2003 angol nyelven","2004","50","4","Irodai"
"Budapest Airport Rt.","Office XP (Word-Excel)","2004","51","25","Irodai"
"Szerencsejáték Rt.","Windows XP-Windows 2003 Szerver","2004","52","4","Windows Szerver"
"T-Mobile Magyarország Rt.","Linux OpenLDAP","2004","53","3","Linux"
"GE Medical Systems Rt.","Linux OpenLDAP","2004","54","3","Linux"
"Ericsson Magyarország","Excel 2000 haladó tréning","2004","55","4","Irodai"
"Audi Hungária Motor Kft.","Flash - ASP integráció","2004","56","5","Web"
"Dr. Oetker Magyarorszag","Office 2000 kezdő és haladó","2004","57","15","Irodai"
"CitiBank Rt.","Excel haladó tanfolyam","2004","58","8","Irodai"
"Budapest Ingatlan Rt.","Word-Excel-PowerPoint kezdő és haladó szinteken","2005","59","12","Irodai"
"Eurocontrol CRDS","Linux alapismeretek angol nyelven","2005","60","5","Linux"
"Expressz Magyarország Rt.","Office 2000 és 2003 kezdő és haladó szinteken","2005","61","240","Irodai"
"GTS Datanet","Excel haladó téning ANGOL nyelven","2005","62","1","Irodai"
"Ferrinfo Rt.","Web-programozás- PHP-SQL","2004","63","5","Web"
"OTP Bank Rt.","Excel VBA programozás","2005","64","7","Programozás"
"UNIQA biztosító","PowerPoint haladó tréning","2005","65","12","Irodai"
"MC Direct","DTP ismeretek, Indesign","2005","66","4","Grafika"
"FMC Consulting","Word, Excel, Access haladó ismeretek","2005","67","15","Irodai"
"IDG Hungary","Flash és Web-programozás","2005","68","4","Web"
"PRA International","Word Excel-PowerPoint 2003 haladó ismeretek","2005","69","7","Irodai"
"Erste Leasing","Java programozási ismeretek","2005","70","3","Programozás"
"T-Online","Linux OpenLDAP kezdő és haladó szinteken","2005","71","7","Linux"
"GMAC Hungary Rt.","Access 2003 alapok","2005","72","1","Adatbázis"
"Diamond Kft.","Excel középhaladó","2005","73","6","Irodai"
"Ericsson Magyarország","Webszerkesztés-Dreamweaver","2005","74","7","Web"
"Országos Igazságszolgáltatási Tanács Hivatala","Adatbáziskezelés, MySQL és ORACLE  adminisztráció","2005","75","120","Adatbázis"
"Szám-Tér-Kép Bt.","ACCESS-MS SQL egyedi konzultáció","2005","76","2","Adatbázis"
"T-Mobile","Flash MX-Flash 8 alapok és ActionScript","2005","77","4","Web"
"Toreador Kft.","Excel haladó tréning","2005","78","4","Irodai"
"Budapesti Értéktőzsde","RedHat Linux Enterprise 4 haladó tréning","2005","79","7","Linux"
"TÁRKI","MS SQL szerver adminisztráció","2005","80","2","Adatbázis"
"BAYER","MSAccess 2003","2005","81","1","Adatbázis"
"Else Magyarország Kft.","Flash ActionScript","2006","82","4","Web"
"AVIVA Biztosító Rt.","Flash 8 alapok és PHP-SQL programozás","2006","83","4","Web"
"Raiffeisen Leasing Rt.","ASP.NET","2006","84","4","Programozás"
"Renault Trucks Hungária Kft","Office 2003 konzultáció","2006","85","30","Irodai"
"Ferrinfo Rt.","MS SQL szerver 2000 és 2005","2006","86","7","Adatbázis"
"Ferrinfo Rt.","Windows 2003 Szerver alap és haladó szintek","2006","87","12","Windows szerver"
"Euromedic Pharma Zrt.","Excel középhaladó tréning","2006","10109","14","Irodai"
"Toreador Hungary Ltd.","Excel és Outlook alapok","2006","10110","1","Irodai"
"Graphisoft Ltd.","Ofice 2003 (Word, Excel, PowerPoint) haladó szint +Excel Makró","2006","10111","20","irodai"
"Euromedic Trading Kft.","Excel kezdő és középhaladó","2006","10112","7","Irodai"
"Graphisoft Ltd.","Web-tartalomfejlesztési ismeretek","2006","10113","2","Web"
"Ecolab-Hygiene Kft.","Office XP (Word, PowerPoint, Excel, Excel makrók)","2006","10114","5","Irodai"
"ASA Magyarország Kft.","Corel 12 csomag","2006","10115","1","Grafika"
"Budapest Autófinanszírozási Rt.","MS Access","2006","10116","7","Irodai"
"Cadbury Magyarország","Office 2003 középhaladó (Excel, Word, PowerPoint)","2006","10117","5","Irodai"
"Media Markt Budaőrs","Windows 2003 Szerver","2006","10118","4","Windows szerver"
"EuroMedic InterNational","Excel 2000 kezdő","2006","10119","4","Irodai"
"Vodafone Magyarország zrt.","Drupal CMS rendszer","2006","10120","1","Web"
"Exxon Mobil","Gépkezelés-Word-Excel","2006","10121","1","Irodai"
"Michelin Hungária Kft.","Web-programozás, PHP-SQL","2006","10122","4","Web"
"Robin Design","Flash alapismeretek","2006","10123","3","Web"
"Central European University","Access 2003 alapismeretek","2006","10124","3","Irodai"
"Digitális banki Rendszerek Kft.","Web-programozás (Alapok-PHP-SQL-JAVA)","2006","10125","8","Web"
"Buderus Hungária","Excel 2003 haladó","2006","10126","7","Irodai"
"Gemini-IT","Linux rendszergazdai ismeretek","2006","10127","4","Linux"
"Four Seasons Hotel","Excel 2003 haladó","2006","10128","2","Irodai"
"Digitális Banki Rendszerek Kft.","Web-programozás (HTML-CSS_JavaScript-PHP-SQL-JAVA)","2006","10129","8","Web"
"Renault Trucks","Access 2003 alapismeretek","2006","10130","7","Irodai"
"FMC Tanácsadó és Informatikai Kft.","Word 2003, Excel 2003 haladó képzés","2006","10131","14","Irodai"
"Merkur Star Kft.","Táblázatkezelés alapismeretek","2006","10132","5","Irodai"
"Papír-Ász Kft.","Windows XP- Word-Excel XP alapok és haladó","2006","10133","30","Irodai"
"Sanoma Budapest Kiadói Zrt.","Excel VBA programozás","2006","10134","5","Irodai"
"SIGNAL Biztosító Zrt.","Visual Basic - ASP.NET","2006","10136","4","Programozás"
"Nemzetbiztonsági Szakszolgálat","Windows 2003 Szerver","2006","10137","5","Windows Szerver"
"EuroControl CRDS","Word 2003 középhaladó és haladó képzés Angol nyelven","2006","10138","16","Irodai"
"Kompakt Autó Kft.","Windows XP- Word-Excel XP- Outlook","2007","10139","30","Irodai"
"Vám és Pénzügyőrség Közp. Bűnüld. Parancsn.","Linux rendszergazda haladó","2006","10140","4","Linux"
"Kossuth Kiadó","Indesign CS2","2007","10141","5","Grafika"
"Raiffeisen Leasing ZRt.","XML .NET alapon","2007","10142","5","Programozás"
"IFUA Horváth &amp; Partners Kft.","Excel 2003 haladó","2007","10143","12","Irodai"
"Közlekedés Biztosító Egyesület","ORACLE adminisztráció és fejlesztés","2007","10144","6","Adatbázis"
"Longwood Kft.","Web-programozási alapismeretek","2007","10145","3","Web"
"White page Kft.","Web-programozási alapismeretek","2007","10146","1","Web"
"Sika Hungária Kft.","Office XP (Word, Excel, PowerPoint)","2007","10147","23","Irodai"
"Pet-Hungária Kft.","Excel 2003 középhaladó","2007","10148","16","Irodai"
"Flexiton Kft.","CorelDraw és Photoshop kezdő","2007","10149","4","Grafika"
"IVSZ-IT Mentor Program","Webszerkesztés, szabvány alapú webdesign","2007","10150","13","Web"
"RKB Építő","Linux Levelező szerver","2007","10151","1","Linux"
"Encore-international","Joomla tartalomkezelő rendszer","2007","10152","3","Web"
"Geomedia Kft.","Ms Access középhaladó","2007","10153","2","Irodai"
"Ericsson Magyarország","Dreamweaver-Fireworks","2007","10154","4","Web"
"AVIVA Biztosító RT.","Linux LDAP, XHTML-CSS, PHP haladó","2007","10155","4","Web"
"Raiffeisen Leasing ZRt.","Java","2007","10156","5","Programozás"
"Ericsson Magyarország","Excel 2003 kezdő, haladó, VBA","2007","10157","30","Irodai"
"Nissan Magyarország","Excel és Access adatfeldolgozás magyar és angol nyelven","2007","10158","16","Irodai"
"Magyar TelefonTársaság","Access 2003","2007","10159","12","Irodai"
"IFUA Horváth &amp; Partners Kft.","EXcel VBA programozás","2007","10160","20","Irodai"
"Nyugdíjfolyósító Igazgatóság","Windows Server 2003","2007","10161","10","Windows szerver"
"Nyugdíjfolyósító Igazgatóság","Linux rendszergazdáknak","2007","10162","12","Linux"
"Nyugdíjfolyósító Igazgatóság","Excel 2003 haladó","2008","10163","12","Irodai"
"GraphIT Kft","ASP.NET","2007","10164","5","Web"
"RAABE Tanácsadó és Kiadó Kft.","MS Access alapok","2007","10165","0","Adatbázis"
"InterJnet Számítástechnikai Kft.","Linux Redhat/CentOS 5 rendszergazdai alapismeretek","2007","10166","9","Linux"
"HiperCom Hungária Kft.","Indesign ismeretek (QUARK felhasználóknak)","2007","10167","12","Grafika"
"Magyar Bíróképző Akadémia","Photoshop CS3, IllustratorCS3, Indesign CS3, Acrobat, Macintosh alapok","2008","10168","12","Grafika"
"Magyar Bíróképző Akadémia","Webszerkesztési ismeretek, Photoshop, Flash CS3","2008","10169","12","Web"
"Hewitt Humán Tanácsadó Kft.","Excel VBA programozás","2008","10170","7","Irodai"
"Budapesti Elektromos Művek Nyrt.","Web-programozás alapjai","2008","10171","5","Web"
"Buderus Hungária Kft.","Office 2003 csomag, Outlook, Excel PIVOT, PowerPoint","2008","10172","8","Irodai"
"Studio Moderna 2000 TV-Shop Kft.","Flash ActionScript programozás","2008","10173","1","Web"
"Coats Hungary","Ms Access alapismeretek","2008","10174","14","Irodai"
"OBI Magyarország","EXcel VBA programozás","2008","10175","4","Irodai"
"Nissan Magyarország","Excel haladó, Access alap-középhaladó magyar és angol nyelven","2008","10176","25","Irodai"
"Ericsson Magyarország","Excel 2003 haladó","2008","10177","24","Irodai"
"Vincotech Hungary Ltd.","Windows 2003 Server","2008","10178","4","Windows Server"
" IFUA Horváth &amp; Partners Kft.","Excel 2003 haladó és VBA képzés","2008","10179","15","Irodai"
"Energiagazdálkodási Intézet (EGI)","Visual Studio .NET, Forms alapú alkalmazásfejlesztés","2008","10180","5","Programozás"
" IFUA Horváth &amp; Partners Kft.","PowerPoint haladó áttekintés","2008","10181","8","Irodai"
"Kempinski Hotel Corvinus Budapest","Excel 2003 vezető managereknek angol nyelven","2008","10182","5","Irodai"
"Ecolab-Hygiene Kft.","Excel 2003 haladó","2008","10183","5","Irodai"
"AVIVA Biztosító RT.","Objektum Orientált PHP, AJAX, JavaScript könyvtárak (Ext2)","2008","10184","5","Web"
"KHP Budapest Kft.","Webszabványok, JavaScript, Flash ActionScript 2","2008","10185","3","Web"
"Expressz Magyarország Rt.","Drupal 6 portálfejlesztés","2008","10186","5","Web"
"Sanoma Budapest  Lapkiadó","PowerPoint","2008","10187","5","Irodai"
"Mexx  regionális iroda","Excel 2003 középhaladó","2008","10188","8","Irodai"
"Ségécé Magyarország Kft.","Excel 2003 kezdő","2008","10189","6","Irodai"
"Művészetek Palotája","Exel 2003 kezdő és haladó","2008","10190","35","Irodai"
"Budapest Bank","JavaScript - AJAX","2008","10191","6","Web"
"Ness - FMC","Office 2003 csomag, PowerPoint, Excel, Word haladó szinten","2008","10192","30","Irodai"
"METRO - Budaőrs","Excel VBA programozás","2008","10193","15","Irodai"
"Wildom Kft.","Java alapú webfejlesztés","2008","10194","5","programozás"
"Computrend Kft.","Java alapú webalkalmazások","2008","10195","6","Programozás"
"Raiffeisen Leasing ZRt.","dotNET fejlesztés: Ajax, biztonság, SharePoint alapú alkalmazások","2008","10196","4","Programozás"
"Ericsson Magyarország","Egyedi Excel VBA fejlesztés","2008","10197","0","VBA fejlesztés"
"Nissan Magyarország","Egyedi Excel VBA fejlesztés","2008","10198","0","VBA fejlesztés"
"Stromboly Event Kft.","Egyedi Excel VBA fejlesztés","2008","10199","0","VBA fejlesztés"
"Stromboly Event Kft.","Egyedi Excel VBA fejlesztés","2008","10200","0","VBA fejlesztés"
"Ecolab-Hygiene Kft.","Egyedi Access fejlesztés","2009","10201","0","VBA fejlesztés"
"Magyar Üzletemberképző Akadémia","Egyedi Access alkalmazás fejlesztése","2008","10202","0","VBA fejlesztés"
"Stromboly Event Kft.","Egyedi Excel VBA fejlesztés","2009","10203","0","VBA fejlesztés"
"Állami számvevőszék","Web-programozás","2009","10204","4","Web"
"Bizerba Hungária","Outlook levelezés és csoportmunka","2009","10205","12","Irodai"
"Auchan magyarország","Átfogó Informatikai alapképzés, Excel-Word powerPoint","2009","10206","1","Irodai"
"METRO - Budaőrs","Access alapismeretek","2009","10207","6","Irodai"
"MotorPresse kiadó","Indesign-Incopy együttműködés","2009","10208","8","Grafika"
"Vodafone Magyarország","Web-programozási alapismeretek és DRUPAL CMS","2009","10209","6","Web"
"Tredegar Kft","Excel 2003-2007 haladó","2009","10210","5","Irodai"
"Ericsson Magyarország","Excel 2003 haladó","2009","10211","12","Irodai"
"VMikroflex Kft","Illustrator-Indesign CS4","2009","10212","4","Grafika"
"Honfran Kft","Word-Excel-Outlook 2007","2009","10213","4","irodai"
"Cetelem bank","Excel 2003 haladó","2009","10214","4","Irodai"
"Geomédia Zrt.","Linux haladó rendszergazda","2009","10215","6","Linux"
"Vincotech Hungary Ltd.","MS Project 2007","2009","10216","6","Irodai"
"Vincotech Hungary Ltd.","Adobe Acrobat 9","2009","10217","10","Grafika"
"SCD Group","Excel 2003 haladó","2009","10218","4","Irodai"
"Ericsson Magyarország","Excel VBA","2009","10219","10","Irodai"
" AVIVA Biztosító zRt.","Oracle üzemeltetési és fejlesztési alapismeretek","2009","10220","3","Adatbázis"
"Fővárosi Csatornázási Művek zRt.","Windows Szerver 2003 R2","2009","10221","3","Windows szerver"
"Fővárosi Csatornázási Művek zRt.","Ms SQL adatbázisszerver","2009","10222","3","Adatbázis"
"Budapest Bank","Ms Access","2009","10223","10","Adatbázis"
"Magyar Honvédség Geoinformációa szolgálat","Ms Access - MS SQL szerver","2009","10224","16","Adatbázis"
"Caldera","Excel 2003","2009","10225","5","Irodai"
"CIB Zrt.","RedHat Linux adminisztrátori ismeretek","2009","10226","6","Linux"
"Ingatlan Consulting Group","Excel 2003 haladóknak","2009","10227","6","Irodai"
"Magyar Elekrtomos Művek zRt.","Adobe Acrobat 9","2009","10228","2","Grafika"
"Vodafone Magyarország Zrt.","Excel VBA","2010","10229","4","Irodai"
" VMikroflex Kft","Photoshop CS4 - Soltvadkert","2010","10230","6","Grafika"
"Modine Kft. - Mezőkövesd","Excel haladó és Excel VBA","2010","10231","15","Irodai"
"Neumann János Inf. SZKI","C#.NET programozás","2010","10232","9","Programozás"
"Richard Fritz Kft. - Aszód","Áttérés Office 2007-re","2010","10233","80","Irodai"
"MOL Rt.","C#, ASP .NET programozás, egyedi tematikával","2010","10234","4","Programozás"
"AVIVA Biztosító zRt.","Oracle PL/SQL ismeretek","2010","10235","3","Adatbázis"
"Kapsch telecom Kft.","RedHat Linux Enterprise","2010","10236","6","Linux"
"Pepsi Magyarország","Excel 2003 haladó","2010","10237","72","Irodai"
"Nissan Magyarország","Excel 2003 haladó","2007","10238","17","Irodai"
"Sodexo Magyarország","PowerPoint 2003 középhaladó-haladó","2010","10239","30","Irodai"
"Daikin-Myquay","Excel 2003 haladó","2010","10240","12","Irodai"
"HDI magyarország","Office 2007","2010","10241","6","Irodai"
"JNT Magyarország","Office 2007","2010","10242","12","Irodai"
"Pannon Lapok Zrt.","Excel 2003 kezdő és haladó","2010","10243","16","Irodai"
"Chinoin Zrt.","Drupla 6 webmeste oktatás és konzultáció","2010","10244","3","Web"
"Geodis","Excel VBA","2010","10245","3","Irodai"
"Nestlé Magyarország","Excel 2007 haladó","2010","10246","30","Irodai"
"Transalkim","Excel 2003 haladó és VBA","2011","10247","5","Irodai"
"Fibria","Excel 2003 haladó és VBA","2011","10248","16","Irodai"
"Bizerba Hungária","Excel 2007 haladóknak","2011","10249","12","Irodai"
"Pannon Lapok Zrt.","Excel 2003 távoktatás","2011","10250","8","Irodai"
"EGIS Nyrt.","Excel makróprogramozás, VBA","2011","10251","20","Irodai"
"Premier G. Med Onko Kft.","Exchange 2010 szerver bevezetés, átállás","2011","10252","3","Windows szerver"
"Saint-Gobain Abrasives Kft.","Excel 2003 haladó","2011","10253","12","Irodai"
"Perfect-IT Services Informatikai Kft.","Joomla tartalomkezelő","2011","10254","1","Web"
"Bau-Systeme 92 Kft","Outlook 2007","2011","10255","12","Irodai"
"ECOLAB-HYGIENE Kft ","PowerPoint 2003 egyéni tréning","2011","10256","1","Irodai"
"Richard Fritz Kft.","Outlook 2007 kezdő és haladó ismeretek","2011","10257","100","Irodai"
"3DHISTECH Kft.","Visual C# alapok, WPF és ASP.NET","2011","10258","24","Programozás"
"Cib Zrt.","Redhat Linux rendszergazdai alapismeretek","2011","10259","4","Linux"
"IFUA Horváth &Partners","Excel 2003-2007 haladó, Powerpoint 2007","2011","10260","16","Irodai"
"Alpiq Erergy SE Magyarország","MS SQL szerver, SQL programozás","2011","10261","2","Adatbázis"
"ControlVH Kft","Office 2010 középhaladó (Word, Excel, PowerPoint)","2011","10262","4","Irodai"
"DM Hungary Kft.","Excel 2003 távoktatás","2011","10263","8","Irodai"
"ICEG European Center Kft.","Office 2007 (Word, Excel, PowerPoint)","2012","10264","5","Irodai"
"ING Biztosító Zrt.","MS SQL programozás egyéni képzés","2011","10265","1","Adatbázis"
"Oney Magyarország Zrt.","Excel 2003 haladó","2011","10266","20","Irodai"
"UPC Magyarország","Excel 2007 makróprogramozás (VBA)","2012","10267","11","Irodai"
"Suppratek Modesvale","Excel makróprogramozás, műszer-kommunikáció","2012","10268","15","Irodai"
"Tesco magyarország","Office 2003 (Excel, Word, PowerPoint, Outlook, Access)","2012","10269","120","Irodai"
"Albermarle","Excel 2007 makróprogramozás (VBA)","2012","10270","10","Irodai"
"Multipolaris Zrt.","Drupal Webmester egyéni képzés","2012","10271","1","Web"
"Tesco magyarország","Office 2003 (Excel, Word, PowerPoint, Outlook, Access)","2012","10272","60","Irodai"
"Tesco magyarország","Excel VBA programozás","2012","10273","11","Irodai"
"Provident","MS SQL szerver, SQL programozás","2012","10274","11","Adatbázis"
"De Lage Landen Finance Zrt.","Excel programozás","2012","10275","5","Irodai"
"Syngenta","Excel 2010 makróprogramozás","2012","10276","2","Irodai"
"Pepsi Magyarország","Excel 2003 haladó","2012","10277","12","irodai"
"Ericsson Magyarország","Excel 2003 haladó","2012","10278","7","Irodai"
" IFUA Horváth &Partners","PowerPoint 2007","2012","10279","8","Irodai"
"IFUA Horváth &Partners","Excel 2007 haladó","2012","10280","12","Irodai"
"IFUA Horváth &Partners","Excel 2007 VBA programozás","2012","10281","12","Irodai"
"Ericsson Magyarország","Excel 2003 makróprogramozás (VBA)","2012","10282","5","Irodai"
"Suppratek Modesvale","Linux desktop ismeretek","2012","10283","12","Linux"
"Deloitte Magyarország","Excel 2010 hatékonyan","2012","10284","15","Irodai"
"Dunaújvárosi Főiskola","HTML5-CSS3","2012","10285","30","Web"
"Dunaújvárosi Főiskola","Drupal 7 alapok és Smink","2012","10286","15","Web"
"Tesco Magyarország","ORACLE PL/SQL haladóknak","2012","10287","6","Adatbázis"
"Telenor Rt.","RedHat Linux Enterprise","2013","10288","4","Linux"
"Nissan","Excel 2007 haladó és Access 2007","0000","10289","8","Irodai"
"TESCO","Access 2007 alapok","2013","10290","6","Irodai"
"Nissan","Excel 2007 haladó","2013","10291","20","Irodai"
"Nissan","Access 2007 haladó","2013","10292","15","Irodai"
"GlaxoSmithKline","Articulate oktatás-tanácsadás","2013","10293","20","irodai"
"Deliotte Magyarország","Excel 2010 egyedi tréning","2013","10294","20","irodai"
"Magyar Közlöny Lap és Könyvkiadó","Linux kezdő sé haladó","2013","10295","5","Linux"
"IFUA Horváth &Partners","PowerPoint 2010","2013","10296","10","Irodai"
"IFUA Horváth &Partners","Excel haladó","2013","10297","20","Irodai"
"IFUA Horváth &Partners","Excel automatizálás","2013","10298","20","Irodai"
"Béres Egészségtár","Excel 2010 makróprogramozás","2013","10299","4","Irodai"
"IFUA Horváth &Partners","Excel makróprogramozás - VBA","2013","10300","8","Irodai"
"Antenna Hungária Zrt.","SQL-Adatbázis-kezelés","2013","10301","5","Adatbázis"
"Budapest Gyógyfürdő","TCP/IP alap és haladó","2013","10302","5","Hálózatok"
"Budapest Gyógyfürdő","Windows Szerver 2012","2013","10303","5","Windows szerver"
"Budapest Film","Excel 2010 haladó és makrók","2013","10304","10","Irodai"
"Sika Hungária Kft.","Indesign 5.5 alapok","2013","10305","3","Grafika"
"Michelin","MS Access haladőknak","2013","10306","8","Irodai"
"Vodafon","Photoshop 5.5 alapok","2013","10307","10","Grafika"
"Michelin","MS Access haladóknak","2014","10308","6","Adatbázis"
" Antenna Hungária Zrt."," TCP/IP alap és haladó","2014","10309","5","Hálózatok"
"Takarék Akadémia","Excel 2010 alapismeretek","2014","10310","11","Irodai"
"Kleffmann","Excel makró programozás","2014","10311","5","Irodai"
"TESCO","Access 2010 haladó","2014","10312","6","Adatbázis"
"UPONOR","Excel 2010 haladó","2014","10313","8","Irodai"
"Schneider-Electric","ACCESS egyedi fejlesztés-tanácsadás","2014","10314","1","Adatbázis"
"Colombus Klíma Projekt","Egyedi Excel makró fejlesztés","2014","10315","2","Irodai"
"Takarék Akadémia","Windows Szerver 2012","2014","10316","6","Windows szerver"
"Procter&Gamble","Excel 2013 PowerPivot ","2014","10317","1","Irodai"
"MTA","Linux rendszergazda","2014","10318","3","Linux"
"T-Systems","Linux Shell programozás","2014","10319","5","Linux"
"Zollner Elektronik","ACCESS 2010 alapismeretek","2014","10320","8","Adatbázis"
"Ericsson Magyarország HR","Excel 2010 középhaladó","2014","10321","9","Irodai"
"ComCix","Linux Shell programozás","2014","10322","10","Linux"
"Deliotte magyarország","PowerPoint 2010","2014","10323","15","Irodai"
"SMARTMe","TCP/IP alap és haladó tanfolyamok","2014","10324","10","Hálózatok"
"IFUA Horváth &Partners","PowerPoint 2010 ","2014","10325","6","Irodai"
"Schneider-Electric","MS Project","2014","10326","8","Irodai"
"Takarék Akadémia","Access 210 alapismeretek","2014","10327","10","Adatbázis"
"Volánbusz Zrt.","Excel automatizálás és Makróprogramozás","2014","10328","40","Irodai"
"StartGarancia Zrt.","Excel makróprogramozás","2014","10329","8","Irodai"
"MVM","Excel VBA haladó","2014","10330","2","Irodai"
" IFUA Horváth &Partners","Excel 2010 alapok és középhaladó","2014","10331","12","Irodai"
"Nilfisk","Access 2010","2014","10332","24","Adatbázis"
"NNG","Excel 2013 makróprogramozás","2014","10333","6","Irodai"
"Deloitte","Excel 2010 haladó tréning","2014","10334","26","Irodai"
"COOP Zrt.","Excel 2007 középhaladó és haladó képzés","2014","10335","47","Irodai"
"Volánbusz Zrt.","Excel 2010 haladó és automatizálás","2015","10336","100","Irodai"
"Fresenius Kabi","Excel 2010 alapo és középhaladó","2015","10337","10","Irodai"
"Knauf Insulation","Excel 2010 haladó","2015","10338","14","Irodai"
"Modit Zrt.","Android Programozás","2015","10339","6","Programozás"
"Béres Egészségtár","Excel 2010 makróprogramozás (VBA)","2015","10340","4","Irodai"
"IFUA Horváth &Partners","Excel 2010 haladó és automatizálás","2015","10341","12","Irodai"
"EvoSoft","Linux Shell programozás","2015","10342","8","Linux"
"Coop Zrt","Excel haladó és PowerPoint","2015","10343","5","Irodai"
"Xerox Magyarország","Excel 2013 makróprogramozás","2015","10344","9","Irodai"
"Corning Hungary Kft","Excel 2010 haladó és VBA, angol nyelven","2015","10345","40","Irodai"
"AEGON Magyarország","Linux haladó - egyedi tananyag","2015","10346","6","Linux"
"Berton Lighting Kft","Excel 2010 középhaladó","2015","10347","9","irodai"
"Resources","Excel 2013 haladó","2015","10348","8","Irodai"
"Ericsson","Excel 2010 makróprogramozás","2015","10349","4","Irodai"
"Nissan","Excel haladó és Excel automatizálás angol nyelven","2015","10350","50","Irodai"
"HOYA Lens Hungary Zrt.","Excel 2010 makróprogramozás","2015","10351","8","Irodai"
"Pepsio Co.","Excel 2010 haladó tippek-Trükkök","2015","10352","5","Irodai"
"Offi Zrt.","SQL Adatbázis-kezelés","2015","10353","8","Adatbázis"
"Magyar Posta Zrt","Excel 2010 makróprogramozás","2015","10354","10","Irodai"
"Sandvik Magyarország","Excel 200 makróprogramozás","2015","10355","3","irodai"
"MKB","Linux Radhat rendszeradminisztráció","2015","10356","9","Linux"
"Knorr Bremse Kft","Tervezési minták és Refactoring JAVA","2015","10357","3","Programozás"
"Magyar Telecom","Java EE és tesztelés","2015","10358","5","Programozás"
"Semmelweis Egyetem","Excel haladó képzés","2016","10359","15","irodai"
"Keller-Kalmbach","Excel 2010 haladó","2016","10360","7","Irodai"
"Nilfisk","PowerPoint 2010","2016","10361","10","Irodai"
"Kleffman","PIVOT mesterkurzus","2016","10362","5","irodai"
"Adecco zRt.","Excel 2010 középhaladó és makró","2016","10363","23","Irodai"
"FCA Group","Excel haladó és PowerPoint 2010 angol és magyar nyelven","2016","10364","60","Irodai"
"Főgáz Zrt","Access alap és haladó, Excel makró","2016","10365","255","Irodai"
"OTP","SQLadatbázis-kezelés","2016","10366","8","Adatbázis"
"Nissan","Excel és Access tréningek angolul","2016","10367","20","Irodai"
"GIRO Zrt.","RedHat Linux rendszergazda","2016","10368","6","Linux"
"ENKSZ Zrt."," Access alap és haladó, Excel makró","2016","10369","142","Irodai"
"SAMSUNG","Ubuntu Linux rendszergazdai ismeretek","2016","10370","6","Linux"
"LEAR Corporation Hungary Kft.","VMWare VSphere telepítés és üzemeltetés","2016","10371","7","Linux"
"Unilever","Excel 2013 Makróprogramozás","2016","10372","9","Irodai"
"Széchenyi Iroda","Excel tanácsadás, egyedi modell építés","2016","10373","1","Irodai"
"HBO Holding Zrt.","Excel 2013 VBA ","2016","10374","6","irodai"
"ENKSZ Zrt.","PowerPoint és Prezi ","2016","10375","40","irodai"
"Ven-IT","Angular2 és kapcsolódó technológiák","2016","10376","5","Web"
"Intrum Justitia Zrt.","Linux rendszergazda","2016","10377","6","Linux"
"Balabit Zrt","Excel 2013 haladó","2016","10378","8","Irodai"
"E-On","Excel haladó és makró bevezetés","2016","10379","6","Irodai"
"Fresenius Kabi","Excel alapok és haladó","2016","10380","25","irodai"
"AIG","Excel VBA haladó","2016","10381","8","Irodai"
"Xelia","Excel és Access középhaladó","2017","10382","12","Irodai"
"I-New Kft.","Linux rendszergazda haladó","2017","10383","7","Linux"
"Magyar Posta Zrt.","Excel 2016 makróprogramozás","2017","10384","6","Irodai"
"Harman Kft.","Linux shell programozás","2017","10385","8","Linux"
"De Lage Landen","Ms Project alapok","2017","10386","2","irodai"
"Carboferr Kft.","Excel 2016 technikai tanácsadás","2017","10387","1","tanácsadás"
"Budapest Közút Zrt.","Excel technikai támogatás, fejlesztés, oktatás","2017","10388","5","tanácsadás"
"Henkel Magyarország","Excel VBA fejlesztés","2017","10389","1","fejlesztés"
"OTP Ingatlan","Excel  2013 középhaladó és haladó","2017","10390","16","Irodai"
"UNIQUA-Raiffeisen","Javascript haladó","2017","10391","10","Web"
"Groupama Biztosító","Angular JS és TypeScript tréning és tanácsadás","2017","10392","10","Web"
"Ecolab","Excel haladóknak","2017","10393","12","Irodai"
"MVMNET","Excel 2016 középhaladó, haladó és Automatizálás","2017","10394","180","Irodai"
"Budapest Consultans Kft.","Excel Power Query","2017","10395","8","Irodai"
"EvoSoft","Angular 2+ programozás","2017","10396","12","Web"
"Nilfisk","Excel és Access ismeretek","2017","10397","60","Irodai"
"Patika Partner","Excel középhaladó","2017","10398","12","Irodai"
"Decathlon","Excel automatizálás makrókkal","2017","10399","4","Irodai"
"Posta Biztosító","Excel VBA programozás","2017","10400","2","Irodai"
"Harman Kft.","Excel 2013 Makróprogramozás","2017","10401","4","Irodai"
"Posta Oktatási Központ","Excel 2016 makróprogramozás alapok","2017","10402","4","Irodai"
"Balabit Zrt.","Excel 2013 középhaladó angol nyelven","2017","10403","12","Irodai"
" Balabit Zrt.","Excel 2013 makró alapok","2017","10404","10","irodai"
"Dunapack Zrt.","Excel 2013 kezdő és középhaladó","2017","10405","35","Irodai"
"Könyvvizsgálói kamara","Excel Pivot táblák használata a könyvvizsgálatban","2017","10406","13","Irodai"
"Maresi Foodbroker Kft.","Excel 2010 középhaladó és haladó szinten","2017","10407","30","Irodai"
"CIB BANK","SQL alapok és középhaladó","2017","10408","36","Adatbázis"
"FŐKÉTÜSZ","PIVOT mesterkurzus","2018","10409","7","irodai"
"HOYA","Ecxel szakértői tanácsadás, Power Query alapismeretek","2018","10410","3","Irodai"
"Saint GOBAIN","Excel VBA programozás","2018","10411","5","Irodai"
"MVM Informatika","Excel makróprogramozás","2018","10412","11","Irodai"
"IFUA Horváth & Partners","Excel haladó és Excel makróprogramozás","2018","10413","50","irodai"
"Patika Management Kft.","Excel középhaladó és haladó ","2018","10414","20","Irodai"
"Mart Építőipari Kereskedelmi Kft.","MS SQL alapismeretek","2018","10415","5","Adatbázis"
"Magyar Posta","Linux rendszergazda","2018","10416","6","Linux"
"EURONET","Excel haladó ismeretek és tanácsadás","2018","10417","20","Irodai"
"VODAFONE","Excel makróprogramozás","2018","10418","21","Irodai"
"Process Solutions","Excel makróprogramozás","2018","10419","9","Irodai"
"NISSAN","Excel haladó ismeretek angolul","2018","10420","60","Irodai"
"EvoSoft","Angular programozás","2018","10421","12","Web"
"Xellia","Excel középhaladó","2018","10422","22","Irodai"
"Magyar Telecom","Angular és Java Spring","2017","10423","6","Web"
"Zeiss","Excel középhaladó","2018","10424","12","Irodai"
"Nilfisk","Excel középhaladó","2018","10425","8","Irodai"
